{"cameraMode":{"drawMode":0,"name":"Shaded","section":"Shading Mode"},"sceneLighting":false,"audioPlay":false,"sceneViewState":{"m_AlwaysRefresh":false,"showFog":true,"showSkybox":false,"showFlares":true,"showImageEffects":true,"showParticleSystems":true,"showVisualEffectGraphs":true,"m_FxEnabled":true},"in2DMode":false,"pivot":{"x":4.33451509475708,"y":-3.104304790496826,"z":23.010635375976564},"rotation":{"x":0.07610277086496353,"y":0.08601899445056915,"z":-0.007320290897041559,"w":0.9936723709106445},"size":15.631919860839844,"orthographic":false}